feature_0,feature_1,feature_2,feature_3,feature_4,feature_5,feature_6,feature_7,feature_8,feature_9,feature_10,feature_11,feature_12,feature_13,feature_14,feature_15,feature_16,feature_17,feature_18,feature_19,feature_20,feature_21,feature_22,feature_23
0.0,0.0,0.087807976,0.0,0.0,0.21393223,0.20674807,0.0,0.0,0.0,0.0,0.0,0.21077593,0.0,0.15013199,0.09352306,0.0,0.13116714,0.0,0.0,0.0,0.0,0.0,0.0
8.064685e-21,3.9774893e-20,0.133743,1.3480101e-23,2.8969166e-25,0.20461251,0.19121625,3.6574809e-25,1.5460311e-24,5.118831e-24,1.5216209e-24,1.8178726e-24,0.23541027,5.50463e-22,0.16606067,0.12599391,9.3957236e-20,0.14975142,4.1880147e-25,1.451448e-24,8.495565e-25,3.2732975e-24,8.620894e-25,5.2392016e-24
0.0,0.0,0.04743785,0.0,0.0,0.98574823,0.9922126,0.0,0.0,0.0,0.0,0.0,0.07221574,0.0,0.32765722,0.05944528,0.0,0.47240472,0.0,0.0,0.0,0.0,0.0,0.0
6.1015385e-07,9.341892e-07,0.139221,7.6507746e-08,3.0042752e-08,0.20486963,0.19161882,2.2392449e-08,4.5243997e-08,6.6092824e-08,3.1131027e-08,4.8842853e-08,0.24220088,2.3814422e-07,0.17312694,0.1323697,1.5847633e-06,0.15433061,2.7530787e-08,5.2100756e-08,4.03279e-08,5.8116612e-08,3.032612e-08,6.177955e-08
0.0,0.0,0.07934175,0.0,0.0,0.8279646,0.8685181,0.0,0.0,0.0,0.0,0.0,0.14333947,0.0,0.30095756,0.11222444,0.0,0.32565987,0.0,0.0,0.0,0.0,0.0,0.0
0.0,0.0,0.025788672,0.0,0.0,0.9916522,0.9929045,0.0,0.0,0.0,0.0,0.0,0.018936258,0.0,0.11468528,0.019391257,0.0,0.37637308,0.0,0.0,0.0,0.0,0.0,0.0
0.0,0.0,0.004940978,0.0,0.0,0.9993325,0.9993605,0.0,0.0,0.0,0.0,0.0,0.003400007,0.0,0.04696398,0.004243257,0.0,0.38360325,0.0,0.0,0.0,0.0,0.0,0.0
0.0,0.0,0.08024984,0.0,0.0,0.9144625,0.94398856,0.0,0.0,0.0,0.0,0.0,0.122680016,0.0,0.3135056,0.09600032,0.0,0.37903246,0.0,0.0,0.0,0.0,0.0,0.0
0.0,0.0,0.010073554,0.0,0.0,0.9999559,0.9999757,0.0,0.0,0.0,0.0,0.0,0.0035921908,0.0,0.09271788,0.0047761695,0.0,0.63078606,0.0,0.0,0.0,0.0,0.0,0.0
0.0,0.0,0.14347635,0.0,0.0,0.600444,0.65186167,0.0,0.0,0.0,0.0,0.0,0.19394322,0.0,0.26851898,0.1413298,0.0,0.28169674,0.0,0.0,0.0,0.0,0.0,0.0
0.0,0.0,0.008476205,0.0,0.0,0.9993673,0.999482,0.0,0.0,0.0,0.0,0.0,0.004749834,0.0,0.072509564,0.005589697,0.0,0.44089028,0.0,0.0,0.0,0.0,0.0,0.0
0.0,0.0,0.03396918,0.0,0.0,0.9977703,0.99882764,0.0,0.0,0.0,0.0,0.0,0.04203203,0.0,0.3282512,0.039488234,0.0,0.5781642,0.0,0.0,0.0,0.0,0.0,0.0
0.0,0.0,0.025801135,0.0,0.0,0.9998653,0.99993527,0.0,0.0,0.0,0.0,0.0,0.014251362,0.0,0.24543405,0.018031342,0.0,0.7073966,0.0,0.0,0.0,0.0,0.0,0.0
0.0,0.0,0.033297937,0.0,0.0,0.9977836,0.99853134,0.0,0.0,0.0,0.0,0.0,0.019148426,0.0,0.13948624,0.02085031,0.0,0.48738152,0.0,0.0,0.0,0.0,0.0,0.0
0.0,0.0,0.07885156,0.0,0.0,0.25521514,0.22625062,0.0,0.0,0.0,0.0,0.0,0.17770267,0.0,0.14851394,0.09170124,0.0,0.12483898,0.0,0.0,0.0,0.0,0.0,0.0
0.0,0.0,0.0040739668,0.0,0.0,0.9976063,0.9984913,0.0,0.0,0.0,0.0,0.0,0.020238923,0.0,0.24451645,0.020902086,0.0,0.4039441,0.0,0.0,0.0,0.0,0.0,0.0
0.0,0.0,0.04337965,0.0,0.0,0.9988121,0.9993412,0.0,0.0,0.0,0.0,0.0,0.028644616,0.0,0.2473689,0.032322966,0.0,0.6089491,0.0,0.0,0.0,0.0,0.0,0.0
0.0,0.0,0.1304897,0.0,0.0,0.21593606,0.192339,0.0,0.0,0.0,0.0,0.0,0.23317395,0.0,0.1676763,0.12700191,0.0,0.14993994,0.0,0.0,0.0,0.0,0.0,0.0
0.0,0.0,0.0070101884,0.0,0.0,0.99989784,0.9999312,0.0,0.0,0.0,0.0,0.0,0.0029191053,0.0,0.07533032,0.0039273836,0.0,0.5334656,0.0,0.0,0.0,0.0,0.0,0.0
0.0,0.0,0.0026948727,0.0,0.0,0.9995834,0.9996051,0.0,0.0,0.0,0.0,0.0,0.002109247,0.0,0.035843674,0.0027108262,0.0,0.3483886,0.0,0.0,0.0,0.0,0.0,0.0
0.0,0.0,0.0076992456,0.0,0.0,0.9907013,0.9911641,0.0,0.0,0.0,0.0,0.0,0.009567822,0.0,0.059647005,0.010328894,0.0,0.24514206,0.0,0.0,0.0,0.0,0.0,0.0
0.0,0.0,0.027636848,0.0,0.0,0.9997683,0.9998833,0.0,0.0,0.0,0.0,0.0,0.018042263,0.0,0.264954,0.021720216,0.0,0.685826,0.0,0.0,0.0,0.0,0.0,0.0
0.0,0.0,0.0048308494,0.0,0.0,0.9998586,0.999889,0.0,0.0,0.0,0.0,0.0,0.0022915069,0.0,0.059360087,0.0029143833,0.0,0.48706707,0.0,0.0,0.0,0.0,0.0,0.0
0.0,0.0,0.08760622,0.0,0.0,0.92603385,0.9506318,0.0,0.0,0.0,0.0,0.0,0.11783355,0.0,0.31056434,0.096762456,0.0,0.39277148,0.0,0.0,0.0,0.0,0.0,0.0
0.0,0.0,0.05266185,0.0,0.0,0.96562487,0.97118795,0.0,0.0,0.0,0.0,0.0,0.044188015,0.0,0.15616286,0.042560082,0.0,0.349916,0.0,0.0,0.0,0.0,0.0,0.0
0.0,0.0,0.021029776,0.0,0.0,0.66726613,0.6433094,0.0,0.0,0.0,0.0,0.0,0.06320251,0.0,0.15157855,0.055664115,0.0,0.18017472,0.0,0.0,0.0,0.0,0.0,0.0
6.1015385e-07,9.341892e-07,0.139221,7.6507746e-08,3.0042752e-08,0.20486963,0.19161882,2.2392449e-08,4.5243997e-08,6.6092824e-08,3.1131027e-08,4.8842853e-08,0.24220088,2.3814422e-07,0.17312694,0.1323697,1.5847633e-06,0.15433061,2.7530787e-08,5.2100756e-08,4.03279e-08,5.8116612e-08,3.032612e-08,6.177955e-08
0.0,0.0,0.043767553,0.0,0.0,0.99628013,0.9978807,0.0,0.0,0.0,0.0,0.0,0.04895326,0.0,0.31856284,0.047120567,0.0,0.5574292,0.0,0.0,0.0,0.0,0.0,0.0
0.0,0.0,0.020647975,0.0,0.0,0.9908818,0.99382377,0.0,0.0,0.0,0.0,0.0,0.05687907,0.0,0.31659645,0.04494474,0.0,0.43473294,0.0,0.0,0.0,0.0,0.0,0.0
0.0,0.0,0.005903979,0.0,0.0,0.9994074,0.99949443,0.0,0.0,0.0,0.0,0.0,0.003568043,0.0,0.053879377,0.004510238,0.0,0.41503203,0.0,0.0,0.0,0.0,0.0,0.0
0.0,0.0,0.095261976,0.0,0.0,0.7563853,0.7676029,0.0,0.0,0.0,0.0,0.0,0.10580523,0.0,0.18048683,0.08962378,0.0,0.2745362,0.0,0.0,0.0,0.0,0.0,0.0
0.0,0.0,0.0374244,0.0,0.0,0.7318359,0.7493949,0.0,0.0,0.0,0.0,0.0,0.0915057,0.0,0.208452,0.076114774,0.0,0.23550634,0.0,0.0,0.0,0.0,0.0,0.0
0.0,0.0,0.057529155,0.0,0.0,0.7666695,0.7723618,0.0,0.0,0.0,0.0,0.0,0.078790694,0.0,0.14570259,0.06913987,0.0,0.22511357,0.0,0.0,0.0,0.0,0.0,0.0
0.0,0.0,0.0058987862,0.0,0.0,0.9974898,0.998533,0.0,0.0,0.0,0.0,0.0,0.025553161,0.0,0.2776568,0.02592391,0.0,0.4302145,0.0,0.0,0.0,0.0,0.0,0.0
0.0,0.0,0.10954408,0.0,0.0,0.5937078,0.58960587,0.0,0.0,0.0,0.0,0.0,0.13830198,0.0,0.18174055,0.1077921,0.0,0.23388064,0.0,0.0,0.0,0.0,0.0,0.0
0.0,0.0,0.06020363,0.0,0.0,0.9930554,0.9956161,0.0,0.0,0.0,0.0,0.0,0.05656628,0.0,0.29008198,0.056019697,0.0,0.52212965,0.0,0.0,0.0,0.0,0.0,0.0
0.0,0.0,0.0056893476,0.0,0.0,0.99977535,0.9998209,0.0,0.0,0.0,0.0,0.0,0.0028448785,0.0,0.06261844,0.0035337987,0.0,0.47181433,0.0,0.0,0.0,0.0,0.0,0.0
0.0,0.0,0.023462253,0.0,0.0,0.9995629,0.9997845,0.0,0.0,0.0,0.0,0.0,0.025802873,0.0,0.33252782,0.026656453,0.0,0.662119,0.0,0.0,0.0,0.0,0.0,0.0
0.0,0.0,0.022409325,0.0,0.0,0.990095,0.99338406,0.0,0.0,0.0,0.0,0.0,0.059785776,0.0,0.31827804,0.046291396,0.0,0.43526545,0.0,0.0,0.0,0.0,0.0,0.0
0.0,0.0,0.036663756,0.0,0.0,0.8817244,0.90798694,0.0,0.0,0.0,0.0,0.0,0.08956734,0.0,0.2502076,0.07541438,0.0,0.29424295,0.0,0.0,0.0,0.0,0.0,0.0
0.0,0.0,0.012313417,0.0,0.0,0.99544597,0.99698997,0.0,0.0,0.0,0.0,0.0,0.040232584,0.0,0.31398833,0.035148077,0.0,0.45001552,0.0,0.0,0.0,0.0,0.0,0.0
0.0,0.0,0.11618863,0.0,0.0,0.23252177,0.2284642,0.0,0.0,0.0,0.0,0.0,0.21122172,0.0,0.1736604,0.11936895,0.0,0.15849386,0.0,0.0,0.0,0.0,0.0,0.0
0.0,0.0,0.06180793,0.0,0.0,0.99491173,0.99688476,0.0,0.0,0.0,0.0,0.0,0.043661203,0.0,0.23678933,0.04623013,0.0,0.5378985,0.0,0.0,0.0,0.0,0.0,0.0
0.0,0.0,0.022805994,0.0,0.0,0.9996309,0.9997845,0.0,0.0,0.0,0.0,0.0,0.01039124,0.0,0.12630504,0.012267641,0.0,0.5725975,0.0,0.0,0.0,0.0,0.0,0.0
0.0,0.0,0.08457112,0.0,0.0,0.9299243,0.95388436,0.0,0.0,0.0,0.0,0.0,0.11585894,0.0,0.31192204,0.09464959,0.0,0.3946755,0.0,0.0,0.0,0.0,0.0,0.0
0.0,0.0,0.09231504,0.0,0.0,0.7943058,0.8398695,0.0,0.0,0.0,0.0,0.0,0.15814397,0.0,0.30100492,0.11959681,0.0,0.32056394,0.0,0.0,0.0,0.0,0.0,0.0
0.0,0.0,0.15150078,0.0,0.0,0.42919388,0.42373666,0.0,0.0,0.0,0.0,0.0,0.20779274,0.0,0.21270336,0.13658006,0.0,0.22404473,0.0,0.0,0.0,0.0,0.0,0.0
0.0,0.0,0.027717952,0.0,0.0,0.9998498,0.9999274,0.0,0.0,0.0,0.0,0.0,0.013338502,0.0,0.21630518,0.01727105,0.0,0.7035143,0.0,0.0,0.0,0.0,0.0,0.0
0.0,0.0,0.05222434,0.0,0.0,0.9925816,0.9949063,0.0,0.0,0.0,0.0,0.0,0.034567323,0.0,0.16519992,0.035298847,0.0,0.45229378,0.0,0.0,0.0,0.0,0.0,0.0
0.0,0.0,0.02949551,0.0,0.0,0.994728,0.99735,0.0,0.0,0.0,0.0,0.0,0.05381977,0.0,0.33572704,0.043063913,0.0,0.5167372,0.0,0.0,0.0,0.0,0.0,0.0
0.0,0.0,0.03568912,0.0,0.0,0.9632938,0.9641873,0.0,0.0,0.0,0.0,0.0,0.033781677,0.0,0.11605061,0.033532836,0.0,0.31050473,0.0,0.0,0.0,0.0,0.0,0.0
0.0,0.0,0.07733849,0.0,0.0,0.982668,0.9884475,0.0,0.0,0.0,0.0,0.0,0.07338332,0.0,0.2828889,0.07009147,0.0,0.4735458,0.0,0.0,0.0,0.0,0.0,0.0
0.0,0.0,0.07800077,0.0,0.0,0.7658588,0.77042276,0.0,0.0,0.0,0.0,0.0,0.09289153,0.0,0.16469726,0.08105498,0.0,0.25481403,0.0,0.0,0.0,0.0,0.0,0.0
0.0,0.0,0.05935768,0.0,0.0,0.754788,0.76050913,0.0,0.0,0.0,0.0,0.0,0.08167666,0.0,0.14774087,0.07108437,0.0,0.22414684,0.0,0.0,0.0,0.0,0.0,0.0
0.0,0.0,0.05443082,0.0,0.0,0.9793073,0.9839616,0.0,0.0,0.0,0.0,0.0,0.041654877,0.0,0.16087472,0.041212086,0.0,0.38461035,0.0,0.0,0.0,0.0,0.0,0.0
0.0,0.0,0.02741374,0.0,0.0,0.9986809,0.9991386,0.0,0.0,0.0,0.0,0.0,0.014838688,0.0,0.13000615,0.016644735,0.0,0.502549,0.0,0.0,0.0,0.0,0.0,0.0
0.0,0.0,0.033448193,0.0,0.0,0.8523326,0.8570484,0.0,0.0,0.0,0.0,0.0,0.05040473,0.0,0.1160561,0.046318516,0.0,0.20848145,0.0,0.0,0.0,0.0,0.0,0.0
0.0,0.0,0.0698363,0.0,0.0,0.82406205,0.8689403,0.0,0.0,0.0,0.0,0.0,0.13412651,0.0,0.28921184,0.10851069,0.0,0.31137025,0.0,0.0,0.0,0.0,0.0,0.0
0.0,0.0,0.08361653,0.0,0.0,0.98079383,0.9863978,0.0,0.0,0.0,0.0,0.0,0.0632917,0.0,0.22454481,0.062478572,0.0,0.46352565,0.0,0.0,0.0,0.0,0.0,0.0
0.0,0.0,0.080804855,0.0,0.0,0.88845676,0.92266273,0.0,0.0,0.0,0.0,0.0,0.13382664,0.0,0.31089157,0.101364575,0.0,0.361614,0.0,0.0,0.0,0.0,0.0,0.0
0.0,0.0,0.023851775,0.0,0.0,0.99981564,0.99990666,0.0,0.0,0.0,0.0,0.0,0.018129075,0.0,0.29050127,0.021479173,0.0,0.6985928,0.0,0.0,0.0,0.0,0.0,0.0
0.0,0.0,0.05988177,0.0,0.0,0.8916832,0.9203872,0.0,0.0,0.0,0.0,0.0,0.11900906,0.0,0.30129424,0.09562111,0.0,0.3400607,0.0,0.0,0.0,0.0,0.0,0.0
0.0,0.0,0.14656626,0.0,0.0,0.4286874,0.44644073,0.0,0.0,0.0,0.0,0.0,0.21176471,0.0,0.23040396,0.1403553,0.0,0.22981425,0.0,0.0,0.0,0.0,0.0,0.0
0.0,0.0,0.020201316,0.0,0.0,0.95239645,0.96440214,0.0,0.0,0.0,0.0,0.0,0.06044341,0.0,0.24215493,0.053255808,0.0,0.31533623,0.0,0.0,0.0,0.0,0.0,0.0
0.0,0.0,0.08765272,0.0,0.0,0.9491519,0.9607784,0.0,0.0,0.0,0.0,0.0,0.073713616,0.0,0.19496633,0.068755284,0.0,0.37532297,0.0,0.0,0.0,0.0,0.0,0.0
0.0,0.0,0.022344653,0.0,0.0,0.9890444,0.99005073,0.0,0.0,0.0,0.0,0.0,0.018082215,0.0,0.09668374,0.019090863,0.0,0.3479756,0.0,0.0,0.0,0.0,0.0,0.0
0.0,0.0,0.0685571,0.0,0.0,0.59876794,0.5955128,0.0,0.0,0.0,0.0,0.0,0.10958912,0.0,0.15425774,0.083816536,0.0,0.19333415,0.0,0.0,0.0,0.0,0.0,0.0
0.0,0.0,0.0343804,0.0,0.0,0.99943596,0.9996996,0.0,0.0,0.0,0.0,0.0,0.024145344,0.0,0.26777548,0.027702687,0.0,0.6452236,0.0,0.0,0.0,0.0,0.0,0.0
0.0,0.0,0.056725685,0.0,0.0,0.26995435,0.22945318,0.0,0.0,0.0,0.0,0.0,0.13588601,0.0,0.14580236,0.08006976,0.0,0.1244601,0.0,0.0,0.0,0.0,0.0,0.0
0.0,0.0,0.03839254,0.0,0.0,0.9500374,0.96489286,0.0,0.0,0.0,0.0,0.0,0.088735625,0.0,0.30067524,0.07387459,0.0,0.36319003,0.0,0.0,0.0,0.0,0.0,0.0
0.0,0.0,0.029204372,0.0,0.0,0.90759015,0.9278206,0.0,0.0,0.0,0.0,0.0,0.07730417,0.0,0.24255805,0.066059254,0.0,0.29580435,0.0,0.0,0.0,0.0,0.0,0.0
0.0,0.0,0.039214924,0.0,0.0,0.29300898,0.2355672,0.0,0.0,0.0,0.0,0.0,0.109224565,0.0,0.12870076,0.06554085,0.0,0.10970576,0.0,0.0,0.0,0.0,0.0,0.0
0.0,0.0,0.027670365,0.0,0.0,0.43268037,0.39291838,0.0,0.0,0.0,0.0,0.0,0.07839987,0.0,0.12959616,0.06027155,0.0,0.1380706,0.0,0.0,0.0,0.0,0.0,0.0
0.0,0.0,0.0582561,0.0,0.0,0.99519855,0.99707484,0.0,0.0,0.0,0.0,0.0,0.04784852,0.0,0.2717601,0.04914772,0.0,0.5390958,0.0,0.0,0.0,0.0,0.0,0.0
0.0,0.0,0.12599915,0.0,0.0,0.24831903,0.25153002,0.0,0.0,0.0,0.0,0.0,0.22143926,0.0,0.18307993,0.12524013,0.0,0.16911422,0.0,0.0,0.0,0.0,0.0,0.0
0.0,1.3421819e-37,0.12603308,0.0,0.0,0.20727529,0.19619371,0.0,0.0,0.0,0.0,0.0,0.23457675,0.0,0.16502723,0.12103805,5.609902e-37,0.1488652,0.0,0.0,0.0,0.0,0.0,0.0
0.0,0.0,0.013077011,0.0,0.0,0.95536566,0.9629536,0.0,0.0,0.0,0.0,0.0,0.04585284,0.0,0.20986369,0.04126382,0.0,0.28999636,0.0,0.0,0.0,0.0,0.0,0.0
0.0,0.0,0.13593131,0.0,0.0,0.801599,0.82958543,0.0,0.0,0.0,0.0,0.0,0.14098808,0.0,0.24334367,0.11790459,0.0,0.33370742,0.0,0.0,0.0,0.0,0.0,0.0
0.0,0.0,0.056485686,0.0,0.0,0.86127186,0.86435086,0.0,0.0,0.0,0.0,0.0,0.065581955,0.0,0.14334846,0.059983864,0.0,0.26246125,0.0,0.0,0.0,0.0,0.0,0.0
0.0,0.0,0.023036707,0.0,0.0,0.9196944,0.9352303,0.0,0.0,0.0,0.0,0.0,0.06642761,0.0,0.22920671,0.057519328,0.0,0.28928527,0.0,0.0,0.0,0.0,0.0,0.0
0.0,0.0,0.0639752,0.0,0.0,0.67654544,0.71833056,0.0,0.0,0.0,0.0,0.0,0.13028203,0.0,0.23990354,0.101100974,0.0,0.2529854,0.0,0.0,0.0,0.0,0.0,0.0
0.0,0.0,0.01577914,0.0,0.0,0.9749551,0.97596073,0.0,0.0,0.0,0.0,0.0,0.019164303,0.0,0.08220092,0.019518605,0.0,0.25145078,0.0,0.0,0.0,0.0,0.0,0.0
0.0,0.0,0.09198092,0.0,0.0,0.95869553,0.9688139,0.0,0.0,0.0,0.0,0.0,0.07678464,0.0,0.2092525,0.07105881,0.0,0.40531248,0.0,0.0,0.0,0.0,0.0,0.0
0.0,0.0,0.062278997,0.0,0.0,0.99137306,0.9941239,0.0,0.0,0.0,0.0,0.0,0.0426966,0.0,0.18452705,0.042484608,0.0,0.47278696,0.0,0.0,0.0,0.0,0.0,0.0
6.1015385e-07,9.341892e-07,0.139221,7.6507746e-08,3.0042752e-08,0.20486963,0.19161882,2.2392449e-08,4.5243997e-08,6.6092824e-08,3.1131027e-08,4.8842853e-08,0.24220088,2.3814422e-07,0.17312694,0.1323697,1.5847633e-06,0.15433061,2.7530787e-08,5.2100756e-08,4.03279e-08,5.8116612e-08,3.032612e-08,6.177955e-08
0.0,0.0,0.06830345,0.0,0.0,0.25435808,0.22104704,0.0,0.0,0.0,0.0,0.0,0.15269208,0.0,0.14990029,0.088421725,0.0,0.12728992,0.0,0.0,0.0,0.0,0.0,0.0
0.0,0.0,0.075901374,0.0,0.0,0.9836897,0.98916525,0.0,0.0,0.0,0.0,0.0,0.07232579,0.0,0.2843264,0.06918346,0.0,0.47682497,0.0,0.0,0.0,0.0,0.0,0.0
0.0,0.0,0.02891206,0.0,0.0,0.94726366,0.94890255,0.0,0.0,0.0,0.0,0.0,0.033563435,0.0,0.10714201,0.032706004,0.0,0.26235417,0.0,0.0,0.0,0.0,0.0,0.0
0.0,0.0,0.13935336,0.0,0.0,0.4577721,0.49331185,0.0,0.0,0.0,0.0,0.0,0.2073165,0.0,0.24226417,0.13858248,0.0,0.23609823,0.0,0.0,0.0,0.0,0.0,0.0
0.0,0.0,0.045575652,0.0,0.0,0.9986369,0.9992367,0.0,0.0,0.0,0.0,0.0,0.028713685,0.0,0.23496696,0.03257724,0.0,0.6029439,0.0,0.0,0.0,0.0,0.0,0.0
0.0,0.0,0.0040662354,0.0,0.0,0.99941504,0.99944156,0.0,0.0,0.0,0.0,0.0,0.0029333795,0.0,0.043086365,0.0036918283,0.0,0.37059352,0.0,0.0,0.0,0.0,0.0,0.0
0.0,0.0,0.14955392,0.0,0.0,0.5902166,0.6351763,0.0,0.0,0.0,0.0,0.0,0.19587992,0.0,0.2634268,0.14376174,0.0,0.28169155,0.0,0.0,0.0,0.0,0.0,0.0
0.0,0.0,0.016218286,0.0,0.0,0.9538539,0.9636126,0.0,0.0,0.0,0.0,0.0,0.05259027,0.0,0.22534858,0.046826843,0.0,0.30227104,0.0,0.0,0.0,0.0,0.0,0.0
0.0,0.0,0.022517554,0.0,0.0,0.9997433,0.9998739,0.0,0.0,0.0,0.0,0.0,0.02139476,0.0,0.31967226,0.024045764,0.0,0.6868017,0.0,0.0,0.0,0.0,0.0,0.0
0.0,0.0,0.09793549,0.0,0.0,0.78899366,0.8067213,0.0,0.0,0.0,0.0,0.0,0.1035325,0.0,0.1920824,0.08696891,0.0,0.28698257,0.0,0.0,0.0,0.0,0.0,0.0
0.0,0.0,0.07944205,0.0,0.0,0.6325327,0.68350226,0.0,0.0,0.0,0.0,0.0,0.14947204,0.0,0.24797396,0.11234068,0.0,0.25396672,0.0,0.0,0.0,0.0,0.0,0.0
0.0,0.0,0.07513557,0.0,0.0,0.9859694,0.99078596,0.0,0.0,0.0,0.0,0.0,0.06561048,0.0,0.2666474,0.0642149,0.0,0.48507306,0.0,0.0,0.0,0.0,0.0,0.0
0.0,0.0,0.0051089716,0.0,0.0,0.99915373,0.9991899,0.0,0.0,0.0,0.0,0.0,0.0037187978,0.0,0.0478575,0.0045811995,0.0,0.36911324,0.0,0.0,0.0,0.0,0.0,0.0
0.0,0.0,0.015885089,0.0,0.0,0.9998505,0.9999337,0.0,0.0,0.0,0.0,0.0,0.01853977,0.0,0.34292197,0.019392706,0.0,0.70671654,0.0,0.0,0.0,0.0,0.0,0.0
0.0,0.0,0.13994758,0.0,0.0,0.7365184,0.78138226,0.0,0.0,0.0,0.0,0.0,0.16982208,0.0,0.27693287,0.13620666,0.0,0.32121032,0.0,0.0,0.0,0.0,0.0,0.0
